0,299.99965980982
0.001000000000042138,251.6002781409745
0.002000000000084276,256.0760994718885
0.003000000000126415,283.9814933353564
0.004000000000168553,322.7767388637944
0.005000000000210691,352.5751915119846
0.006000000000252829,344.6029513864244
0.007000000000294966,257.761850256562
0.008000000000337104,189.8034308140517
0.009000000000379243,186.1614836191789
0.01000000000042138,252.6355185710476
0.01100000000046352,366.955455675523
0.01200000000050566,386.8876388033719
0.0130000000005478,341.015051235733
0.01400000000058993,288.9165707425209
0.01500000000063207,256.7466882686165
0.01600000000067421,252.9533790472875
0.01700000000071635,285.5485350047819
0.01800000000075849,356.5844521442982
0.01900000000080062,410.3752806353355
0.02000000000084276,360.7502604722042
0.0210000000008849,254.0499965433256
0.02200000000092703,206.2647961566697
0.02300000000096918,215.9513857952935
0.02400000000101131,286.2816667496351
0.02500000000105345,386.0567709981799
0.02600000000109559,406.178835023557
0.02700000000113773,324.5241855244166
0.02800000000117987,237.1466775828112
0.02900000000122201,213.7253228700024
0.03000000000126415,238.9232085528665
0.0310000000013063,287.4003404444638
0.03200000000134844,325.3864101937054
0.03300000000139058,332.9855113096667
0.03400000000143272,317.9236068343114
0.03500000000147486,301.1530810951761
0.036000000001517,295.7428797068447
0.03700000000155914,297.3663582815306
0.03800000000160128,301.2345630994657
0.03900000000164342,304.0785467408211
0.04000000000168556,302.4283259051747
0.0410000000017277,288.0897582228554
0.04200000000176984,261.0782219881798
0.04300000000181198,247.6813791790957
0.04400000000185413,268.3469262813297
0.04500000000189627,353.6151074931832
0.04600000000193841,461.1661623467173
0.04700000000198055,414.8551374555547
0.04800000000202268,263.8972237762892
0.04900000000206482,225.8063010389249
0.05000000000210696,245.7512293452862
0.0510000000021491,294.8974577658688
0.05200000000219124,355.2917774525937
0.05300000000223337,378.3560944667437
0.05400000000227551,317.4413242392834
0.05500000000231764,209.9141415026703
0.05600000000235978,174.9690104541465
0.05700000000240191,197.5643630554474
0.05800000000244405,241.5743362033274
0.05900000000248618,305.0916167388323
0.06000000000252832,361.7173798408754
0.06100000000257045,365.8539235064242
0.06200000000261259,295.4816127062021
0.06300000000265472,185.7181869611154
0.06400000000269686,147.6284512707267
0.06500000000273899,175.6241730392748
0.06600000000278113,237.4157100433802
0.06700000000282326,306.5559047099826
0.06800000000286539,354.2350938347322
0.06900000000290753,353.3587062082537
0.07000000000294967,299.4754189948969
0.07100000000299181,226.8278365999168
0.07200000000303394,169.0953285431058
0.07300000000307608,135.1352000799534
0.07400000000311821,139.1875488840647
0.07500000000316034,236.9719818657863
0.07600000000320248,363.3992934614959
0.07700000000324461,398.5065919369791
0.07800000000328675,343.6046155626437
0.07900000000332888,270.7102085114972
0.08000000000337103,241.3308713107987
0.08100000000341316,254.134488728421
0.0820000000034553,302.289265456298
0.08300000000349743,385.8877751951126
0.08400000000353956,454.9461112726953
0.0850000000035817,358.1567987754484
0.08600000000362383,233.436540314428
0.08700000000366596,216.6953880198675
0.0880000000037081,252.1032245142269
0.08900000000375023,329.6453538416574
0.09000000000379237,399.7694464853748
0.09100000000383451,379.4671056507855
0.09200000000387665,284.585645471277
0.09300000000391878,227.7360441316679
0.09400000000396092,229.0917779370587
0.09500000000400305,271.6791944554535
0.09600000000404518,332.2303692307207
0.09700000000408732,365.0012096392366
0.09800000000412945,337.1101142438814
0.09900000000417158,249.9452454500368
0.1000000000042137,175.53372752911
0.1010000000042559,168.2143610818995
0.102000000004298,228.9460495363827
0.1030000000043401,344.6141461287389
0.1040000000043823,385.6307568847781
0.1050000000044244,350.2116467807365
0.1060000000044665,294.8899382185433
0.1070000000045087,260.9045277092105
0.1080000000045508,257.8980689842736
0.109000000004593,285.9152942804351
0.1100000000046351,363.4648021046467
0.1110000000046772,484.2404128164911
0.1120000000047194,448.4638089289385
0.1130000000047615,271.7700345820368
0.1140000000048036,220.5620092684359
0.1150000000048458,232.2599351289414
0.1160000000048879,292.3048324460277
0.11700000000493,377.7151666469736
0.1180000000049722,403.1975611171511
0.1190000000050143,306.5953088160936
0.1200000000050564,156.115645235487
0.1210000000050986,151.9167065000055
0.1220000000051407,200.7436230912102
0.1230000000051828,278.2341031831055
0.124000000005225,338.1966222918777
0.1250000000052671,354.9781398511494
0.1260000000053093,323.5917527293034
0.1270000000053514,263.1548635120802
0.1280000000053935,194.8512645007949
0.1290000000054357,130.6330760840227
0.1300000000054778,111.5363713775557
0.1310000000055199,168.1334252703346
0.1320000000055621,305.1707127285625
0.1330000000056042,346.8909619518608
0.1340000000056463,344.2580400310835
0.1350000000056885,298.3721522587751
0.1360000000057306,236.7523935851163
0.1370000000057727,193.0137069576392
0.1380000000058149,178.1618517310112
0.139000000005857,222.9015284803043
0.1400000000058991,366.1902604930956
0.1410000000059413,439.0887704857797
0.1420000000059834,372.8463569464403
0.1430000000060256,285.0335755939585
0.1440000000060677,254.9691380673157
0.1450000000061098,264.6513443810159
0.146000000006152,288.4325800103613
0.1470000000061941,302.9390101483611
0.1480000000062362,310.786907122042
0.1490000000062784,309.6322587000656
0.1500000000063205,296.0521760985977
0.1510000000063626,265.001131870449
0.1520000000064048,222.6150251509146
0.1530000000064469,207.5465864937298
0.154000000006489,246.0808524704419
0.1550000000065312,352.7964632989202
0.1560000000065733,428.9284389587635
0.1570000000066154,376.6318582669036
0.1580000000066576,279.5294395681167
0.1590000000066997,239.6395721456585
0.1600000000067418,248.026572335413
0.161000000006784,284.910869718066
0.1620000000068261,331.7372198962829
0.1630000000068683,357.9555608555953
0.1640000000069104,329.1623093446678
0.1650000000069525,227.9301894807984
0.1660000000069947,166.6306433352638
0.1670000000070368,175.2685610622721
0.1680000000070789,251.0668547566189
0.1690000000071211,339.1858834294518
0.1700000000071632,359.4472683063373
0.1710000000072053,330.0559022247512
0.1720000000072475,285.5856673759071
0.1730000000072896,252.551019967994
0.1740000000073317,240.8250577716191
0.1750000000073739,273.2920184160185
0.176000000007416,402.4226181301032
0.1770000000074581,490.2799031703939
0.1780000000075003,374.4360981775218
0.1790000000075424,263.5135918568937
0.1800000000075845,249.0929222074982
0.1810000000076267,269.772947103647
0.1820000000076688,312.26299604346
0.1830000000077109,355.8945438486752
0.1840000000077531,358.4481656849486
0.1850000000077952,306.6852441255247
0.1860000000078374,245.7681160424178
0.1870000000078795,215.2042194558672
0.1880000000079216,230.1177762725352
0.1890000000079638,349.1028342752529
0.1900000000080059,483.5461854933553
0.191000000008048,415.6541811510235
0.1920000000080902,292.2397451039235
0.1930000000081323,242.1415512881986
0.1940000000081744,241.7263344324255
0.1950000000082166,283.1261920905108
0.1960000000082587,365.218023143578
0.1970000000083008,430.2246855950218
0.198000000008343,351.7035808859844
0.1990000000083851,197.1363932751802
0.2000000000084272,177.9720562730898
0.2010000000084694,221.9296548577702
0.2020000000085115,316.9538734690478
0.2030000000085536,379.0441472273897
0.2040000000085958,362.4821679666065
0.2050000000086379,305.6207792983877
0.2060000000086801,261.8869933242842
0.2070000000087222,250.3516825215243
0.2080000000087643,273.5480505887563
0.2090000000088065,352.6225961361977
0.2100000000088486,473.5704298416899
0.2110000000088907,444.168077935957
0.2120000000089329,267.2022448502624
0.213000000008975,221.7174790912896
0.2140000000090171,240.3615284234087
0.2150000000090593,298.9465597550363
0.2160000000091014,371.8746648155066
0.2170000000091435,390.4155467243101
0.2180000000091857,306.3232349481293
0.2190000000092278,177.1667096544552
0.2200000000092699,155.1733740347339
0.2210000000093121,189.5174230032497
0.2220000000093542,257.8855023715157
0.2230000000093963,331.8257437938532
0.2240000000094385,365.9417365008115
0.2250000000094806,339.9312199515676
0.2260000000095228,266.2175671553513
0.2270000000095649,145.7904745339045
0.228000000009607,115.7835010370788
0.2290000000096492,147.8753625769104
0.2300000000096913,218.5690285155596
0.2310000000097334,299.7422044616819
0.2320000000097756,363.6874459893434
0.2330000000098177,369.5766363553315
0.2340000000098598,306.9109649865726
0.235000000009902,225.6404920326874
0.2360000000099441,185.1955424209338
0.2370000000099863,201.0583138838522
0.2380000000100284,356.7839164145671
0.2390000000100705,454.9675620876561
0.2400000000101127,378.620444893575
0.2410000000101548,273.6736492158514
0.2420000000101969,226.4609206128648
0.2430000000102391,230.1913329804686
0.2440000000102812,287.1647945938111
0.2450000000103233,400.2359303212565
0.2460000000103655,450.0748060705506
0.2470000000104076,330.6530979325536
0.2480000000104497,207.7614611029588
0.2490000000104919,195.4867334093151
0.250000000010534,231.2982650968414
